,date,headlines,ticker,company
13,2022-10-31,"GHCL reports Q2 earnings.
              
‚≠ïÔ∏èNet profit at Rs 300.5 cr Vs Rs 93.2 cr (YoY)
  
‚≠ïÔ∏èRevenue up 72% at Rs 1,381 cr Vs Rs 803 cr (YoY)   
 
‚≠ïÔ∏èEBITDA at Rs 433.8 cr Vs Rs 169 cr (YoY)     

‚≠ïÔ∏èMargin at 31.4% Vs 21% (YoY)",GHCL,GHCL Limited
30,2022-10-31,"HFCL gets approval for application under production linked incentive (#PLI) scheme, to avail incentives up to Rs 652.79 cr",HFCL,HFCL Limited
49,2022-11-01,"UPL gross debt as of September 30 at ‚Çπ32,550 cr vs ‚Çπ30,123 cr as of June 30",UPL,UPL Limited
72,2022-11-01,"VSSL reports Q2 earnings.

‚≠ïÔ∏èNet profit up 15.3% at Rs 28 cr Vs Rs 24.3 cr (YoY)

‚≠ïÔ∏èRevenue up 32% at Rs 443.2 cr Vs Rs 335.7 cr (YoY)",VSSL,Vardhman Special Steels Limited
155,2022-11-04,"HIL reports #Q2 results. 

‚ñ∂Ô∏èNet loss at ‚Çπ6.8 cr vs profit of ‚Çπ26.1 cr (YoY)

‚ñ∂Ô∏èRevenue down 0.3% at ‚Çπ763.9 cr vs ‚Çπ765.9 cr (YoY)

‚ñ∂Ô∏èEBITDA down 80.8% at ‚Çπ12.1 cr vs ‚Çπ62.9 cr (YoY)

‚ñ∂Ô∏èEBITDA margin at 1.58% vs 8.21% (YoY)",HIL,HIL Limited
181,2022-11-04,"IDFC First Bank gets board approval to raise Rs 4,000 cr",IDFC,IDFC Limited
224,2022-11-07,"KEC Intl Q2 | #2QWithCNBCTV18 

Net profit down 31.2% at Rs 55.2 cr Vs Rs 80.3 cr (YoY)

Revenue up 13.3% at Rs 4064 cr Vs Rs 3587.5 cr (YoY)

EBITDA down 29.7% at Rs 178 cr Vs Rs 253.1 cr (YoY)

EBITDA margin at 4.4% Vs 7.1% (YoY",KEC,KEC International Limited
225,2022-11-07,"KEC Intl says: YTD #Order intake of Rs10,465 cr ‚Äì growth of 25%

Highest ever #OrderBook + L1 of over Rs 34,000 cr",KEC,KEC International Limited
227,2022-11-07,"OCTOBER GENERAL INSURANCE DATA 
 
NEW INDIA ASSURANCE 
Oct Premium Up 3% (YoY)
FY23 Year-to-Month Premium Up 3% (YoY)
 
STAR HEALTH
Oct Premium Up 11.5% (YoY)
FY23 Year-to-Month Premium Up 11.5% (YoY)",STAR,Strides Pharma Science Limited
233,2022-11-07,"BPCL Q2 | #2QWithCNBCTV18 

‚õΩÔ∏è Net loss at ‚Çπ304.2 cr Vs loss of ‚Çπ6,263 cr (QoQ)

‚õΩÔ∏è Revenue down 5% at ‚Çπ1.15 lk cr Vs ‚Çπ1.21 lk cr (QoQ)

‚õΩÔ∏è EBITDA at ‚Çπ1,433 cr Vs EBITDA loss of ‚Çπ5,865 cr (QoQ)

‚õΩÔ∏è Margin at 1.2%",BPCL,Bharat Petroleum Corporation Limited
234,2022-11-07,BPCL says its gross refining margins (#GRM) for the period H1 FY23 was $22.30/bbl Vs $5.23/bbl in the corresponding comparative period,BPCL,Bharat Petroleum Corporation Limited
247,2022-11-08,"MRF Q2 | #2QWithCNBCTV18 

Net profit down 24.1% at Rs 145.4 cr Vs `191.6 cr (YoY)

Revenue up 18.7% at Rs 5826.3 cr Vs Rs 4907.8 cr (YoY)

Board also approves enhancement in the issue of Non-Convertible Debentures through Private Placement from Rs.100 cr to Rs.150 cr",MRF,MRF Limited
254,2022-11-08,"Weak #October For Pvt Life Insurance; LIC(+18%), SBI Life (+16%) Defy Weakness 

HDFC Life, I-Pru Life Grow In Low Single-Digit, Max Life Sees Contraction

Only #LIC & #SBI Life See Growth In APE

#HDFC Life (üîª17%), I-Pru Life (üîª26%) & Max Life See Drop In APE",HDFC,Housing Development Finance Corporation Limited
309,2022-11-10,BEL signs #MoU with Goa Shipyard for autonomous #navigation,BEL,Bharat Electronics Limited
311,2022-11-10,"BLS International Services reports #Q2 earnings. 

‚ñ∂Ô∏èNet profit up 83.3% at ‚Çπ50.4 cr vs ‚Çπ27.4 cr (YoY)
    
‚ñ∂Ô∏èRevenue up 87.4% at ‚Çπ356.8 cr vs ‚Çπ190.4 cr (YoY) 
   
‚ñ∂Ô∏èEBITDA at ‚Çπ56.7 cr vs ‚Çπ27.5 cr (YoY)
     
‚ñ∂Ô∏èMargin at 15.9% vs 14.4% (YoY)",BLS,BLS International Services Limited
314,2022-11-10,PTC Industries & Bharat Dynamics sign #MoU for mutual co-operation & business development,PTC,PTC India Limited
319,2022-11-10,"LT Foods | Board approves the preferential issuance of 2.7 crore shares at 142.23/share worth up to ‚Çπ390 crore to SALIC International Investment

‚ñ∂Ô∏è Alert: CNBC-TV18 Newsbreak confirmed LT Foods approves shares issuance to an investor",LT,Larsen & Toubro Limited
326,2022-11-10,"ITC in focus

Govt has no plan to sell SUTTI stake in ITC as of now",ITC,ITC Limited
328,2022-11-10,"No plan to #sell #SUUTI stake in #ITC as of now, #govt sources tell 

‚≠ïÔ∏èAlert: Govt holds 7.87% in ITC 

‚≠ïÔ∏èAlert: SUUTI last sold 2% stake in ITC in Feb 2017",ITC,ITC Limited
333,2022-11-10,"BASF reports Q2 earnings.

‚≠ïÔ∏èNet profit down 17.6% at Rs 113.1 cr Vs Rs 137.3 cr (YoY)

‚≠ïÔ∏èRevenue up 5.2% at Rs 3,582 cr Vs Rs 3,406 cr (YoY)

‚≠ïÔ∏èEBITDA down 18.1% at Rs 187.7 cr Vs Rs 229.2 cr (YoY)

‚≠ïÔ∏èMargin at 5.2% Vs 6.7% (YoY)",BASF,BASF India Limited
359,2022-11-10,"CONCOR reports #Q2 earnings. 

‚ñ∂Ô∏èNet profit up 14.7% at ‚Çπ302.8 cr vs ‚Çπ264 cr (YoY)

‚ñ∂Ô∏èRevenue up 8% at ‚Çπ1,970.7 cr vs 1,823.9 cr (YoY)

‚ñ∂Ô∏èEBITDA up 16.9% at ‚Çπ498.7 cr vs ‚Çπ426.5 cr (YoY)

‚ñ∂Ô∏èEBITDA margin 25.3% vs 23.4% (YoY)",CONCOR,Container Corporation of India Limited
371,2022-11-11,"FACT reports Q2 earnings.

‚≠ïÔ∏èNet profit at Rs 144.6 cr Vs Rs 36.4 cr (YoY)

‚≠ïÔ∏èRevenue at Rs 1,935 cr Vs Rs 781.6 cr (YoY)

‚≠ïÔ∏èEBITDA at Rs 236.5 cr Vs Rs 104.5 cr (YoY)

‚≠ïÔ∏èMargin at 12.2% Vs 13.4% (YoY)",FACT,Fertilizers and Chemicals Travancore Limited
383,2022-11-11,"KRBL reports Q2 earnings.
 
‚≠ïÔ∏èNet profit up 56.5% at Rs 213.1 cr Vs Rs 136.2 cr (YoY)

‚≠ïÔ∏èRevenue up 25.2% at Rs 1,319.2 cr Vs Rs 1,053.7 cr (YoY)

‚≠ïÔ∏èEBITDA up 43.6% at Rs 284.7 cr Vs Rs 198.2 cr (YoY)

‚≠ïÔ∏èMargin at 21.6% Vs 18.8% (YoY)",KRBL,KRBL Limited
411,2022-11-11,"NDTV announces open offer for stake sale to VCPL, #Adani Media Networks and Adani Enterprises",NDTV,New Delhi Television Limited
424,2022-11-12,Adani Group to launch open offer for NDTV on 22 November,NDTV,New Delhi Television Limited
430,2022-11-12,"RCF Q2

‚ñ∂Ô∏èNet Profit at Rs 261.9 Cr vs Rs 117.9 Cr (YoY)
‚ñ∂Ô∏èRevenue at Rs 5,575.9.6 Cr vs Rs 2,612.4 Cr (YoY)
‚ñ∂Ô∏èEBITDA at Rs 404.9 Cr vs Rs 186.8 Cr (YoY)
‚ñ∂Ô∏èMargin at 7.26% vs 7.15% (YoY)",RCF,Rashtriya Chemicals and Fertilizers Limited
433,2022-11-12,Domestic airline industry expected to incur a net loss of Rs 150-170 billion: ICRA,ICRA,ICRA Limited
446,2022-11-14,"CONCOR says DIPAM organising divestment roadshow with potential investors today & tomorrow. Roadshow will have representatives from DIPAM, Rail Min & Co",CONCOR,Container Corporation of India Limited
452,2022-11-14,"ITDC reports #Q2 earnings. 

‚ñ∂Ô∏èNet profit at ‚Çπ10 cr vs ‚Çπ1.5 cr (YoY)
   
‚ñ∂Ô∏èRevenue up 32.5%  at ‚Çπ92.2 cr vs ‚Çπ69.6 cr (YoY) 
 
‚ñ∂Ô∏èEBITDA at ‚Çπ11.4 cr vs ‚Çπ0.6 cr (YoY) 
  
‚ñ∂Ô∏èMargin at 12.3% vs 0.9% (YoY)",ITDC,India Tourism Development Corporation Limited
469,2022-11-14,"Bharat Forge, Sun TV, BHEL, Astral, Zee Ent see negative reaction to earnings

ABB, IndiaMART, M&M Fin, City Union Bank, Max Fin top Midcap losers",M&M,Mahindra & Mahindra Limited
471,2022-11-14,SEBI approves Adani Group's open offer for 26% shares of NDTV,NDTV,New Delhi Television Limited
472,2022-11-14,"NBCC India reports Q2 earnings.

‚≠ïÔ∏èNet profit up 34.1% at Rs 95.5 cr Vs Rs 71.2 cr (YoY)

‚≠ïÔ∏èRevenue up 8% at Rs 2,029.7 cr Vs Rs 1,879.7 cr (YoY)

‚≠ïÔ∏èEBITDA up 74.1% at Rs 88.4 cr Vs Rs 50.8 cr (YoY)

‚≠ïÔ∏èMargin at 4.4% Vs 2.7% (YoY)",NBCC,NBCC (India) Limited
478,2022-11-14,"CESC reports Q2 earnings.

‚≠ïÔ∏èNet profit down 9% at Rs 305 cr Vs Rs 335 cr (YoY)

‚≠ïÔ∏èRevenue up 12% at Rs 3,913 cr Vs Rs 3,494 cr (YoY)

‚≠ïÔ∏èEBIDTA down 46.4% at Rs 490 cr Vs Rs 914 cr (YoY)                                      

‚≠ïÔ∏èMargin at 12.5% Vs 26.2% (YoY)",CESC,CESC Limited
482,2022-11-14,"NBCC India reports Q2 earnings.

‚≠ïÔ∏èNet profit up 34.1% at Rs 95.5 cr Vs Rs 71.2 cr (YoY)

‚≠ïÔ∏èRevenue up 8% at Rs 2,029.7 cr Vs Rs 1,879.7 cr (YoY)

‚≠ïÔ∏èEBITDA up 74.1% at Rs 88.4 cr Vs Rs 50.8 cr (YoY)

‚≠ïÔ∏èMargin at 4.4% Vs 2.7% (YoY)",NBCC,NBCC (India) Limited
483,2022-11-14,NBCC India secures total biz of Rs 332 cr in October Vs Rs 162 cr in September,NBCC,NBCC (India) Limited
485,2022-11-14,"BPL reports Q2 earnings.

‚û°Ô∏èNet profit down 41.4% at Rs 1.7 cr Vs Rs 2.9 cr (YoY)

‚û°Ô∏èRevenue down 50.6% at Rs 11.9 cr Vs Rs 24 cr (YoY)",BPL,BPL Limited
496,2022-11-15,"Our export revenue benefited from the restoration of a new distributor in Saudi. Standing at Rs 2,800 crores worth of inventory currently, Ashish Jain of KRBL to CNBC-TV18",KRBL,KRBL Limited
505,2022-11-15,"ONGC Q2 PAT down 30% at ‚Çπ 12,826 cr; firm declares interim dividend of ‚Çπ 6.75/shr",ONGC,Oil & Natural Gas Corporation Limited
509,2022-11-15,"BEL signs an MoU with Defence PSU Hindustan Shipyard Limited (HSL)

Cos to jointly develop, upgrade products/systems for domestic & Export markets",BEL,Bharat Electronics Limited
517,2022-11-16,"KEC International bags new orders worth ‚Çπ1,294 cr across various businesses",KEC,KEC International Limited
521,2022-11-16,UPL says promoter has acquired additional 0.19% stake from Nov 11-14,UPL,UPL Limited
535,2022-11-16,"PTC Fin says board has approved FY23 earnings, co is awaiting independent auditor report & is expected shortly",PTC,PTC India Limited
549,2022-11-17,HDFC Bank ADR down 4.61% in after-hours trade,HDFC,Housing Development Finance Corporation Limited
557,2022-11-17,"NMDC (@nmdclimited) cuts Lump Ore & Fines prices by ‚Çπ300/tonne each. Lump ore price is now at ‚Çπ3,800 & fines at ‚Çπ2,610/tonne",NMDC,NMDC Limited
565,2022-11-17,BEL signs MoU with AWEI to address needs of domestic and export markets,BEL,Bharat Electronics Limited
575,2022-11-18,SPARC gets US FDA nod for SEZABY for the treatment of Neonatal Seizures,SPARC,Sun Pharma Advanced Research Company Limited
579,2022-11-18,BEL signs MoU with IITM Pravartak Technologies Foundation for Distributed Acoustic Sensing,BEL,Bharat Electronics Limited
589,2022-11-18,"HDFC Bank (@HDFC_Bank) signs #MoU with Government of Karnataka

‚ñ∂Ô∏èTo provide #banking and #financial services to #startups registered with Karnataka Startup Cell",HDFC,Housing Development Finance Corporation Limited
613,2022-11-21,"PVR Large Trade | 0.70 lakh shares (0.1% equity) worth ‚Çπ12.28 cr change hands at an average of ‚Çπ1,744/sh

#LargeTrade #BlockDeal",PVR,PVR Limited
616,2022-11-21,"Allied Digital bags contract of ‚Çπ207.2 cr in JV with KEC from Punjab Municipal Corp, smart city project in Punjab for 3 cities",KEC,KEC International Limited
624,2022-11-21,Adani Group's ‚Çπ493-crore open offer for NDTV to start tomorrow,NDTV,New Delhi Television Limited
648,2022-11-22,DCW to double its CPVC capacity by adding another 10KT capacity,DCW,DCW Limited
657,2022-11-23,"ACC promoter #Ambuja Cements releases entire pledge of its 50% equity on November 19, total holding now pledged at 2.16% vs 52.21% earlier",ACC,ACC Limited
660,2022-11-23,TCS extends partnership with Standard Chartered Singapore Marathon,TCS,Tata Consultancy Services Limited
671,2022-11-23,"Quiklyz, vehicle leasing & subscription biz signs MoUs to lease over 1,000 electric 3-wheelers, M&M Fin says",M&M,Mahindra & Mahindra Limited
694,2022-11-24,"ICICI Bank to acquire 10% in a JV of IOC & Chennai Petro for ‚Çπ50,000. ICICI Prudential to acquire 9% in a JV of IOC & Chennai Petro for ‚Çπ45,000

CNBC-TV18 Alert: IOC & Chennai Petro form JV for 9 mmtpa refinery at Nagapattinam, TN",IOC,Indian Oil Corporation Limited
700,2022-11-24,"PVR opens 12 screen superlex in Thiruvananthapuram, Kerala",PVR,PVR Limited
702,2022-11-24,PNB (@pnbindia) gets #government approval to #divest UTI AMC stake,PNB,Punjab National Bank
709,2022-11-25,"Engineers India bags order from Mangalore Refinery & Petrochemicals for preparation of BDEP, DFR & pre-project activities for bio-ATF plant at MRPL",MRPL,Mangalore Refinery and Petrochemicals Limited
714,2022-11-25,"Yet to hear from @RBI on arms‚Äô treatment post HDFC -HDFC Bank merger. Sought RBI leeway on reserve requirement post-merger

#HDFC Bank to have enough liquidity even sans leeway

Deepak Parekh @HomeLoansByHDFC EGM",HDFC,Housing Development Finance Corporation Limited
716,2022-11-25,"#ITDC at upper circuit on the Ashok Hotel value

Alert: Indian Hotels holds nearly 8% stake in ITDC",ITDC,India Tourism Development Corporation Limited
725,2022-11-25,IRDAI approves merger of Exide Life With HDFC Life,HDFC,Housing Development Finance Corporation Limited
741,2022-11-28,ITC enters into a management contract for hotel owned by Jolle Hospitality,ITC,ITC Limited
762,2022-11-28,#SEBI approves Sundararaman Ramamurthy as MD & CEO of BSE,BSE,BSE Limited
763,2022-11-28,Adani closes in on NDTV takeover as founder entity transfers shares,NDTV,New Delhi Television Limited
767,2022-11-29,TCS & ICICI Bank launch iLens a digital lending solution,TCS,Tata Consultancy Services Limited
785,2022-11-29,"Received bids from #Adani Group & #DLF. Adani Group‚Äôs bid was for Rs 5,069 crore, DLF was Rs 2,025 crore. Will now go forward with formal process of approval from competent authorities",DLF,DLF Limited
787,2022-11-29,IDFC says it got SEBI nod for change in control of IDFC Mutual Fund,IDFC,IDFC Limited
788,2022-11-29,SEBI gives its approval for a consortium led by Bandhan Financial Holdings to take over IDFC Ltd's mutual fund operations,IDFC,IDFC Limited
795,2022-11-30,NDTV founders Prannoy Roy and Radhika Roy resign from RRPRH board,NDTV,New Delhi Television Limited
796,2022-11-30,PNB Housing board approves for filing draft of #RightsIssue with #SEBI,PNB,Punjab National Bank
797,2022-11-30,"TCS (@TCS ) gets into a six-year contract with Rail Delivery Group to design, develop, implement & operate UK‚Äôs RDM",TCS,Tata Consultancy Services Limited
800,2022-11-30,TCS gets Rail Delivery Group‚Äôs project to help create the UK Government‚Äôs #Rail data marketplace,TCS,Tata Consultancy Services Limited
805,2022-11-30,"MOIL cuts prices of fines, chemicals by 5% from tomorrow",MOIL,MOIL Limited
815,2022-12-01,Coforge & Tokio Marine HCC expand partnership to drive IT transformation,HCC,Hindustan Construction Company Limited
826,2022-12-01,"SJVN Green Energy signs MoU with Grid Corporation of Odisha for developing 1000 MW Hydro Electric Projects & 2000 MW Solar Power Project

These projects will attract an investment of Rs 20,000 cr",SJVN,SJVN Limited
831,2022-12-02,"PVR opens 3-screen #multiplex in Yamuna Nagar, Haryana 

‚ñ∂Ô∏è Also opens Director‚Äôs Luxury Cut #Cinema Auditoriums in Bengaluru",PVR,PVR Limited
832,2022-12-02,MOIL surges nearly 4% in trade after company's November manganese ore production rise by 60% & sales by 82% on a MoM basis,MOIL,MOIL Limited
835,2022-12-02,"HDFC Bank board approves issuance of #NCDs up to Rs 15,000 crore on a private placement basis",HDFC,Housing Development Finance Corporation Limited
843,2022-12-03,"PNB Housing Fin: Paid Rs 3 Lakh fine to BSE and NSE for  not having the requisite number of Independent Directors on the Board as on September 30, 2022",BSE,BSE Limited
855,2022-12-05,"M&M Financial at a 52-week high following November business update, stock up nearly 5%",M&M,Mahindra & Mahindra Limited
860,2022-12-05,HPL Electric & Power bags #orders for supply of #5G electric products to top #telecom companies,HPL,HPL Electric & Power Limited
874,2022-12-05,"IRB Infra Developers: #November gross #toll collection up 6.1% at Rs 365.9 cr Vs Rs 345 cr (MoM)
 
‚û°Ô∏èNovember gross toll #collection up 39.2% at Rs 365.9 cr Vs Rs 262.8 cr (YoY)",IRB,IRB Infrastructure Developers Limited
893,2022-12-06,Centre to allow foreign funds to own over 51% in IDBI Bank,IDBI,IDBI Bank Limited
897,2022-12-06,abrdn Investment Management to sell entire 10.21% stake in HDFC AMC,HDFC,Housing Development Finance Corporation Limited
908,2022-12-07,"CONCOR disinvestment is an independent activity & #government has recently conducted meetings with potential investors, Railway Ministry to #Parliament",CONCOR,Container Corporation of India Limited
909,2022-12-07,CRISIL assigns ‚ÄòCRISIL AAA/Stable‚Äô rating to infrastructure #bonds of @AxisBank,CRISIL,CRISIL Limited
910,2022-12-07,"Arun Kumar Singh appointed Chairman of @ONGC_ for 3 years

Alert: Arun Kumar Singh was the Ex-CMD of BPCL",BPCL,Bharat Petroleum Corporation Limited
956,2022-12-10,YESBANK gets @RBI nod for #Carlyle Group & Verventa Holdings investment by in the bank. The bank shall now engage with the investors for the completion of the proposed capital raise,YESBANK,Yes Bank Limited
969,2022-12-12,"LTI Mindtree under pressure
üî¥Company expects demand moderation & one-off costs to weigh on H2 performance
üî¥Co expects a weaker margin trajectory in H2

#Source: Emkay Report On LTI Mindtree",LTI,Larsen & Toubro Infotech Limited
974,2022-12-12,"M&M November production up 69% YoY & up 9% MoM at 61,140 units",M&M,Mahindra & Mahindra Limited
986,2022-12-12,"Oil marketing cos gain on crude slide, BPCL, HPCL up 3-5%

Aviation stocks rise on increased demand & Crude fall, IndiGo up 3%

PNB rises another 3% today on positive brokerage note",PNB,Punjab National Bank
989,2022-12-12,"#JustIn | KEC International bags orders worth Rs 1,349 cr across is various businesses",KEC,KEC International Limited
997,2022-12-13,TCS ties up with Gujarat Government to impart digital skills in schools,TCS,Tata Consultancy Services Limited
1006,2022-12-13,"Diagnostic stocks slip on Delhi govt‚Äôs plan of increased free tests at govt clinics

Oil mktg cos fall as crude rises, HPCL down 2%, BPCL falls 1%

Laurus, Escorts Kubota, Can Fin, Godrej Cons, AU SFB, Biocon are top Midcap losers",BPCL,Bharat Petroleum Corporation Limited
1018,2022-12-14,"M&M (@MahindraRise) says investment of ‚Çπ10,000 cr for EVs approved under Maharashtra Govt‚Äôs Industrial Promotion Scheme. Co will invest over 7-8 years for setting up EV mfg unit, development, and production of Mahindra‚Äôs upcoming Born Electric Vehicles (BEVs",M&M,Mahindra & Mahindra Limited
1027,2022-12-14,"NBCC secures total #business of ‚Çπ300.41 crore in November, 2022",NBCC,NBCC (India) Limited
1032,2022-12-14,"Colgate is top Midcap loser as brokerage maintain neutral stance post analyst call

Page Ind, strides, Abbott, HPCL, PNB are top Midcap losers",PNB,Punjab National Bank
1047,2022-12-15,"Fertiliser stocks see a sharp surge, Madras Fert up more than 17%, FACT & Mangalore Chem rise over 8% each",FACT,Fertilizers and Chemicals Travancore Limited
1095,2022-12-17,PSUs hire ICICI Securities to sell stakes in PTC India,PTC,PTC India Limited
1107,2022-12-19,"KEC International bags new orders worth ‚Çπ1,313 cr",KEC,KEC International Limited
1109,2022-12-19,"Market closes higher after slipping in last two sessions

Market regains Friday‚Äôs losses with Sensex & Nifty rising 1% each

Reliance, HDFC, ITC lift Nifty while IT majors (TCS & Infosys) drag",ITC,ITC Limited
1112,2022-12-19,NBCC India bags construction order worth Rs 69.3 cr from Odisha Power Transmission Corporation (#OPTCL),NBCC,NBCC (India) Limited
1115,2022-12-19,IRB Infra board meeting on Jan 4 to consider stock split,IRB,IRB Infrastructure Developers Limited
1119,2022-12-20,Capacite Infra bags order worth ‚Çπ117.2 cr from DLF for mall construction in Goa,DLF,DLF Limited
1126,2022-12-20,Adani Group's VCPL acquires 8.27% stake in NDTV through open offer,NDTV,New Delhi Television Limited
1146,2022-12-21,GAIL & Mitsui OSK Lines sign contract to build a new LNG carrier and sign agreement for joint ownership of an existing LNG carrier,GAIL,GAIL (India) Limited
1185,2022-12-23,"#JustiN | BHEL in licensing agreement with Sumitomo Shi FW, Finland for design, engineering, manufacturing, erection, commissioning and sale of Circulating Fluidised Bed Combustion (CFBC)Boilers in India and in overseas territories except select countries",BHEL,Bharat Heavy Electricals Limited
1189,2022-12-23,"BSE cos erase almost entire mkt cap gained this quarter (Oct-Dec), in last three days. BSE cos‚Äô mkt cap down nearly 6% from all-time high hit last week",BSE,BSE Limited
1200,2022-12-26,NTPC (@ntpclimited) signs MoU with #Tecnimont to explore Green #Methanol production,NTPC,NTPC Limited
1212,2022-12-27,NBCC bags order worth ‚Çπ69.3 crore from Odisha Power Transmission Corp,NBCC,NBCC (India) Limited
1218,2022-12-28,"DLF issues clarification, says have not received any notice from Noida Authority till now
Alert: There were reports of Noida Authority issuing notice to DLF demanding ‚Çπ235 cr",DLF,DLF Limited
1249,2022-12-29,"Tata Motors, HCL, Bajaj Finserv, Infosys, Adani Ports are top Nifty losers

Indiabulls HSG, RBL, AB Cap, Apollo Tyres, JSWPL are top Midcap gainers

Laurus, Amara Raja, IRCTC, Havells, LTI Mindtree are top Midcap losers",LTI,Larsen & Toubro Infotech Limited
1256,2022-12-30,Inox Green says CRISIL upgrades long-term rating to BBB+ from BBB,CRISIL,CRISIL Limited
1263,2022-12-30,IDBI Bank (@IDBI_Bank) signs agreement to #transfer IDBI MF #business to LIC MF,IDBI,IDBI Bank Limited
1264,2022-12-30,HPL Electric bags #order worth ‚Çπ161 crore,HPL,HPL Electric & Power Limited
1274,2023-01-02,"CONCOR in focus
CONCOR‚Äôs originating EXIM traffic growth has been lower than Railway EXIM traffic growth: Nomura",CONCOR,Container Corporation of India Limited
1281,2023-01-02,"NMDC (@nmdclimited) increases #LumpOre price by Rs 200 to Rs 4,300/tonne, & #Fines price by Rs 500 to Rs 3,410/tonne",NMDC,NMDC Limited
1295,2023-01-02,HFCL receives Purchase Orders aggregating to Rs 95.38 cr from Reliance Projects & Property Management Services for supply of #OpticalFiberCables to one of the leading private telecom operators of the country,HFCL,HFCL Limited
1300,2023-01-03,ONGC 'Sagar Samrat' starts Oil and Gas production in Arabian Sea,ONGC,Oil & Natural Gas Corporation Limited
1306,2023-01-03,"Adani Group decides to pay additional price for NDTV shares bought under open offer as transfer price for shares bought from another promoter (Inter-se) was higher than that of open offer price
Alert: NDTV open offer price was ‚Çπ294/sh and promoter transfer price was ‚Çπ342.65/sh",NDTV,New Delhi Television Limited
1315,2023-01-03,"Metal stocks see profit booking with Hindalco, JSW & Tata steel falling 1% each

TVS motor‚Äôs below than expected December sales lead to a 3% fall in the stock

M&M Fin slips while federal bank closes off highs after business updates for Q3",M&M,Mahindra & Mahindra Limited
1316,2023-01-03,NTPC starts India‚Äôs first green hydrogen blending #operation in PNG Network,NTPC,NTPC Limited
1324,2023-01-03,"HDFC Q3 Biz Update | @HomeLoansByHDFC assigned loans amounting to ‚Çπ8,892 crore compared to ‚Çπ7,468 crore YoY

Gross income from dividend for the quarter ended December 31, 2022 was ‚Çπ 482 crore Vs ‚Çπ195 crore YoY",HDFC,Housing Development Finance Corporation Limited
1332,2023-01-04,"HDFC Bank Q3 advances up 19.5% YoY & up 1.8% QoQ, deposits rise 19.9% YoY & up 3.6% QoQ",HDFC,Housing Development Finance Corporation Limited
1342,2023-01-04,TCS bags order from Taiwan-based CTBC Bank to digitally transform its banking & wealth landscape,TCS,Tata Consultancy Services Limited
1366,2023-01-05,"No #unpaid interest/principal obligations at the end of October-December quarter, says HCC",HCC,Hindustan Construction Company Limited
1367,2023-01-05,"#MarketAtClose | Crude & rubber price fall lifts tyre stocks, Apollo Tyres jumps 6%

JBM Auto continues the gaining momentum on reports of big EV order wins

RBL Bank surges after reporting a strong set of updates for Oct-Dec qtr",RBL,Rane Brake Lining Limited
1372,2023-01-05,IDBI Bank (@IDBI_Bank) to write to #exchanges to classify government holding as #public after #divestment,IDBI,IDBI Bank Limited
1393,2023-01-07,"Multiple Expressions of Interest received for the Strategic Disinvestment of Government and LIC Stake in IDBI Bank, says @SecyDIPAM",IDBI,IDBI Bank Limited
1404,2023-01-09,#JustIn | M&M introduces a new range of the #Thar starting at ‚Çπ9.99 lakh,M&M,Mahindra & Mahindra Limited
1406,2023-01-09,"PVR (@_PVRCinemas) opens 3 #Multiplexes in #Jaipur, #Bengaluru and #Gurugram",PVR,PVR Limited
1412,2023-01-09,"IRB Infrastructure Developers | December total #toll collection up 6% at Rs 388 c Vs Rs 365.9 cr (MoM)
 
‚ñ∂Ô∏èDecember total toll collection up 31.9% at Rs 388 cr Vs Rs 294.1 cr (YoY)",IRB,IRB Infrastructure Developers Limited
1413,2023-01-09,"TCS (@TCS) reports Q3 earnings.

‚ñ∂Ô∏èRupee #revenue up 1.3% at Rs 58,229 cr Vs CNBC-TV18 poll of Rs 57,475 cr",TCS,Tata Consultancy Services Limited
1414,2023-01-09,"TCS (@TCS) reports Q3 earnings.

‚ñ∂Ô∏è$ #revenue at $ 7,075 m Vs CNBC-TV18 poll of $6,990 m

‚ñ∂Ô∏èConstant Currency revenue growth at 2.2% Vs CNBC-TV18 poll of 1.4-1.5%",TCS,Tata Consultancy Services Limited
1415,2023-01-09,"TCS announces total #Dividend of Rs 75/sh, special dividend of Rs 67/sh & interim #dividend of Rs 8/sh",TCS,Tata Consultancy Services Limited
1447,2023-01-11,"CONCOR reports a minor increase in volumes YoY, while it‚Äôs fallen QoQ
üî¥Total Q3 volumes up 5.18%, EXIM volumes up 0.6% YoY
üî¥Total Q3 volumes down 5% & EXIM volumes down 11% QoQ",CONCOR,Container Corporation of India Limited
1448,2023-01-11,"Total #Q3 volumes up 5.18%, #EXIM volumes up 0.6% YoY, says CONCOR (@concor_india)",CONCOR,Container Corporation of India Limited
1482,2023-01-14,"M&M December 2022 production nearly doubles YoY. December 2022 production at 45,009 units Vs 24,970 units (YoY)",M&M,Mahindra & Mahindra Limited
1488,2023-01-16,#JustIN | TCS partners with UK-based Scotwest Credit Union to improve customer retention,TCS,Tata Consultancy Services Limited
1504,2023-01-17,"NTPC Renewable Energy signs #MoU with Tripura Govt for renewable energy #development 

@ntpclimited",NTPC,NTPC Limited
1526,2023-01-17,"ITC to acquire Sproutlife Foods Pvt Ltd, engaged in the manufacture and sale of healthy foods brand #YogaBar",ITC,ITC Limited
1529,2023-01-18,"HDFC Life seeks #IRDAI nod to enter indemnity health insurance market, may focus on critical illness products post approval, say sources",HDFC,Housing Development Finance Corporation Limited
1540,2023-01-18,"CCL Products (India) reports Q3 earnings.

‚ñ∂Ô∏èNet profit up 25% at Rs 73 Cr Vs Rs 58 cr (YoY)

‚ñ∂Ô∏èRevenue up 26.5% at Rs 535.3 Cr Vs Rs 423 cr (YoY)

‚ñ∂Ô∏èEBITDA up 8.9% at Rs 100.7 cr Vs Rs 92.4 cr (YoY)

‚ñ∂Ô∏èMargin at 18.8% Vs 21.8% (YoY)",CCL,CCL Products (India) Limited
1551,2023-01-19,Mining lease deed document executed between Karnataka Govt & KIOCL,KIOCL,KIOCL Limited
1560,2023-01-19,"PVR (@_PVRCinemas) reports Q3 earnings. 

‚ñ∂Ô∏èCons net profit at Rs 16.1 cr Vs loss of Rs 10.2 cr (YoY)      

‚ñ∂Ô∏èCons revenue up 53.2% at Rs 941 cr Vs Rs 614 cr (YoY)      

‚ñ∂Ô∏èEBITDA up 75.1% at Rs 288.8 cr Vs Rs 165 cr (YoY) 

‚ñ∂Ô∏èMargin at 30.7% Vs 26.9% (YoY)",PVR,PVR Limited
1578,2023-01-20,"DCM Shriram reports Q3 earnings.
 
‚ñ∂Ô∏èNet profit down 1.2% at Rs 342.1 cr Vs Rs 349.6 cr (YoY)

‚ñ∂Ô∏èRevenue up 21.2% at Rs 3,383.7 cr Vs Rs 2,790.8 cr (YoY)

‚ñ∂Ô∏èEBITDA down 6% at Rs 554.2 cr Vs Rs 588.7 cr (YoY)

‚ñ∂Ô∏èEBITDA margin at 16.4% Vs 21.1% (YoY)",DCM,DCM  Limited
1609,2023-01-23,"Market regains losses of last 2 sessions, led by it surge

Infosys & TCS are top Nifty contributors followed by HDFC & HDFC bank",HDFC,Housing Development Finance Corporation Limited
1614,2023-01-23,"IIFL Securities reports Q3 earnings.

‚ñ∂Ô∏èNet profit down 25.2% at Rs 64.5 cr Vs Rs 86.2 cr (YoY)

‚ñ∂Ô∏èRevenue up 1.8% at Rs 342 cr Vs Rs 336 cr (YoY)",IIFL,IIFL Finance Limited
1616,2023-01-23,"KEI Industries reports Q3 earnings.

‚ñ∂Ô∏èNet profit up 27.1% at Rs 128.6 cr Vs Rs 101.2 cr (YoY)

‚ñ∂Ô∏èRevenue up 14.1% at Rs 1,784.3 cr Vs Rs 1,563.8 cr (YoY)

‚ñ∂Ô∏èEBITDA up 16.2% at Rs 182.1 cr Vs Rs 156.7 cr (YoY)

‚ñ∂Ô∏èMargin at 10.2% Vs 10% (YoY)",KEI,KEI Industries Limited
1618,2023-01-23,"CONCOR Q3 | #3QWithCNBCTV18

Revenue up 3.6% At Rs 1,988.4 Cr Vs Rs 1,920 Cr (YoY)

EBIDTA up 14.1% at Rs 426.4 cr vs Rs 373.8 cr (YoY)

Profit up 3.5% at Rs 296.5 cr vs Rs 287 cr (YoY)

Margin at 21.4% vs 19.5% (YoY)",CONCOR,Container Corporation of India Limited
1621,2023-01-23,"HFCL Q3 reports #Q3 earnings 

‚≠ïÔ∏è Profit up 22.7% at Rs 96.1 cr vs Rs 78 cr (YoY)

‚≠ïÔ∏è Revenue down 10.6% at Rs 1,085.8 vs Rs 1 215.2 cr (YoY)

‚≠ïÔ∏è EBIDTA up 10% at Rs 187.6 cr vs Rs 170.6 cr (YoY)

‚≠ïÔ∏è Margin at 17.3%  vs 14%(YoY)",HFCL,HFCL Limited
1624,2023-01-23,"NTPC completes trial operation of Unit-1 of 660 MW capacity of North Karanpura Super Thermal Power Project, (3 x 660 MW). 

It is now included in the installed capacity of NTPC Limited",NTPC,NTPC Limited
1652,2023-01-24,"PNB Housing Finance reports #Q3 earnings 

‚ñ∂Ô∏è Net #Profit up 42.8% at ‚Çπ269.1 cr vs ‚Çπ188 cr (YoY)    

‚ñ∂Ô∏è #Revenue up 20.1% at ‚Çπ1,796.5 cr vs ‚Çπ1,495.3 cr (YoY)    

#Q3FY23 #Q3Results #earnings",PNB,Punjab National Bank
1656,2023-01-24,"PVR surges ahead of Pathaan movie release, stock closes nearly 4% higher

Tata Motors closes with a gain of over 3% ahead of its earnings tomorrow",PVR,PVR Limited
1687,2023-01-26,SJVN sells its entire stake in Bhutanese JV Kholongchhu Hydro Energy for Rs 354.7 cr,SJVN,SJVN Limited
1688,2023-01-26,"DLF Q3 | #3QWithCNBCTV18

Net Profit up 36.8% at Rs 519.2 cr vs Rs 379.4 cr (YoY)

Revenue down 3.5% at Rs 1,494.8 cr vs Rs 1,549.7cr (YoY)

EBITDA down 8.5% at Rs 477.2 cr vs Rs 521.3 cr (YoY)

Margin at 31.9% vs 33.6% (YoY)",DLF,DLF Limited
1714,2023-01-27,"Mkt closes at a 3-month low as Adani Group shr fall triggers sharp cut in banks

BSE cos erase market cap of nearly Rs 11 lakh cr in last two sessions

Sensex falls 874 points to 59,331 & Nifty 288 points to 17,604",BSE,BSE Limited
